linenumber,fec_committee_id,fec_candidate_id,candidate_name,party,office_name,office_state,district,position,transaction_id,payee,street_1,street_2,city,state,zip_code,date,amount,purpose,cycle
SE,C00594176,P80001571,DONALD J TRUMP,REP,President,IN,,O,SE.4660,Emmis Communications,40 Minument Cir,Ste 700,Indianapolis,IN,46204,2016-05-01,2950.0,Advertising - Radio,2016
SE,C00610907,P80001571,Donald J. Trump,REP,President,IN,,O,SE.4255,Tusk Digital,"718 7th Street, N.W.",2nd Floor,Washington,DC,20001,2016-05-01,75000.0,online advertising,2016
SE,C00575415,P60006111,Rafael Edward Ted Cruz,REP,President,IN,,S,EC13C2CFB84184102A32,Ground Game Strategies,300 Hickory Lane,,Mauldin,SC,296622238,2016-04-30,10519.9,PAC Voter ID Program,2016
SE,C90011677,P80001571,Donald Trump,REP,President,IN,,O,F57.000002,Content Creative Media,"3380 Tremont Road, Suite 290",,Columbus,OH,43220,2016-04-30,125000.0,Media - Digital advertisement placement.,2016
SE,C90011677,P80001571,Donald Trump,REP,President,IN,,O,F57.000001,Content Creative Media,"3380 Tremont Road, Suite 290",,Columbus,OH,43220,2016-04-30,135000.0,Media - TV advertisement placement.,2016
SE,C00575415,P60006111,Rafael Edward Ted Cruz,REP,President,IN,,S,E2DDAD3126A0F42FA882,Five Points Consulting,6173 Roaring Forks Dr,,Norton Shores,MI,494445979,2016-04-30,3000.0,Digital Media Production/Placement,2016
SE,C00603621,P80001571,Donald J. Trump,REP,President,IN,,O,SE.5532,"Mentzer Media Services, Inc.",210 W. Pennsylvania Avenue,Suite 250,Towson,MD,21204,2016-04-30,40000.0,Media placement,2016
SE,C00575415,P60006111,Rafael Edward Ted Cruz,REP,President,IN,,S,EED87D96AC77F41FA89B,Ground Game Strategies,300 Hickory Lane,,Mauldin,SC,296622238,2016-04-30,65410.21,PAC Voter ID Program,2016
SE,C00603621,P80001571,Donald J. Trump,REP,President,IN,,O,SE.5526,"Mentzer Media Services, Inc.",210 W. Pennsylvania Avenue,Suite 250,Towson,MD,21204,2016-04-29,598839.46,Media placement,2016
SE,C00609511,P60006111,RAFAEL EDWARD 'TED' CRUZ,REP,President,IN,,S,SE.4669,Glittering Steel LLC,C/o Feemark Financial LLP,8383 Wilshire Blvd Suite 1000,Beverly Hills,CA,90211,2016-04-29,40000.0,Media Production,2016
SE,C00609511,P60006111,RAFAEL EDWARD 'TED' CRUZ,REP,President,IN,,S,SE.4668,Red Metrics LLC,1288 Blue Lake Dr,,Frisco,TX,75033,2016-04-29,100000.0,Media Buy,2016
SE,C00609511,P60006111,RAFAEL EDWARD 'TED' CRUZ,REP,President,IN,,S,SE.4667,Targeted Victory,1033 North Fairfax Street,Suite 400,Alexandria,VA,22314,2016-04-29,75000.0,On-Line Media Buy,2016
SE,C90014176,P60006111,Ted Cruz,REP,President,IN,,S,F57.000001,"HARRIS MEDIA, LLC",2131 THEO DRIVE,,AUSTIN,TX,78723,2016-04-29,50000.0,Media production & placement -- estimated expense,2016
SE,C00487470,P80001571,DONALD J TRUMP,REP,President,IN,,O,SE.7378,TRUSTED LEADERSHIP PAC,1101 WEST 34TH STREET,SUITE 461,AUSTIN,TX,78705,2016-04-29,4000.0,tv ad production costs (added to air buy reported 4/21/16),2016
SE,C00487470,P60006111,RAFAEL EDWARD 'TED' CRUZ,REP,President,IN,,S,SE.7380,TRUSTED LEADERSHIP PAC,1101 WEST 34TH STREET,SUITE 461,AUSTIN,TX,78705,2016-04-29,6000.0,tv ad production costs (added to air buy reported 4/21/16),2016
SE,C00487470,P60006111,RAFAEL EDWARD 'TED' CRUZ,REP,President,IN,,S,SE.7382,Club for Growth,"2001 L St., NW",Suite 600,Washington,DC,20036,2016-04-29,165.55,tv ad production costs (added to air buy reported 4/21/16) (from advance line 21),2016
SE,C00487470,P80001571,DONALD J TRUMP,REP,President,IN,,O,SE.7381,Club for Growth,"2001 L St., NW",Suite 600,Washington,DC,20036,2016-04-29,110.36,tv ad production costs (added to air buy reported 4/21/16) (from advance line 21),2016
SE,C00487470,P60006111,RAFAEL EDWARD 'TED' CRUZ,REP,President,IN,,S,SE.7372,Club for Growth,"2001 L St., NW",Suite 600,Washington,DC,20036,2016-04-29,225.37,internet communications (from advance line 21),2016
SE,C00487470,P80001571,DONALD J TRUMP,REP,President,IN,,O,SE.7371,Club for Growth,"2001 L St., NW",Suite 600,Washington,DC,20036,2016-04-29,150.25,internet communications (from advance line 21),2016
SE,C00487470,P80001571,DONALD J TRUMP,REP,President,IN,,O,SE.7370,Club for Growth,"2001 L St., NW",Suite 600,Washington,DC,20036,2016-04-29,9.77,internet communications (from advance line 21),2016
SE,C00603621,P80001571,Donald J. Trump,REP,President,IN,,O,SE.5502,DDC Advocacy,"805 15th Street, N.W.",Suite 300,Washington,DC,20005,2016-04-29,91267.64,Direct mail services,2016
SE,C00603621,P80001571,Donald J. Trump,REP,President,IN,,O,SE.5554,DDC Advocacy,"805 15th Street, N.W.",Suite 300,Washington,DC,20005,2016-04-29,99816.0,Voter contact-telephone calls,2016
SE,C00603621,P80001571,Donald J. Trump,REP,President,IN,,O,SE.5524,"KyZle.com, LLC",6825 Covington Creek Trail,,Fort Wayne,IN,46804,2016-04-29,16000.0,Online advertising,2016
SE,C00487470,P60006111,RAFAEL EDWARD 'TED' CRUZ,REP,President,IN,,S,SE.7365,Club for Growth,"2001 L St., NW",Suite 600,Washington,DC,20036,2016-04-29,141.95,press release (from advance line 21),2016
SE,C00603621,P80001571,Donald J. Trump,REP,President,IN,,O,SE.5560,"McCarthy Hennings Whalen, Inc.","1850 M Street, N.W., #235",,Washington,DC,20036,2016-04-29,27567.22,Media production,2016
SE,C00603621,P80001571,Donald J. Trump,REP,President,IN,,O,SE.5521,Campaign Solutions,117 N. St. Asaph Street,,Alexandria,VA,22314,2016-04-29,19150.0,Voter contact-emails,2016
SE,C00487470,P60006111,RAFAEL EDWARD 'TED' CRUZ,REP,President,IN,,S,SE.7377,"Glittering Steel, LLC",8383 Wilshire Blvd.,Ste. 1000,Beverly Hills,CA,90211,2016-04-29,1200.0,tv ad production costs (added to air buy reported 4/21/16),2016
SE,C00487470,P80001571,DONALD J TRUMP,REP,President,IN,,O,SE.7375,"Glittering Steel, LLC",8383 Wilshire Blvd.,Ste. 1000,Beverly Hills,CA,90211,2016-04-29,800.0,tv ad production costs (added to air buy reported 4/21/16),2016
SE,C00487470,P60006111,RAFAEL EDWARD 'TED' CRUZ,REP,President,IN,,S,SE.7374,"FatLab, LLC",1562 First Ave.,#205-4150,New York,NY,100284004,2016-04-29,37.5,internet communications,2016
SE,C00487470,P80001571,DONALD J TRUMP,REP,President,IN,,O,SE.7373,"FatLab, LLC",1562 First Ave.,#205-4150,New York,NY,100284004,2016-04-29,25.0,internet communications,2016
SE,C00487470,P60006111,RAFAEL EDWARD 'TED' CRUZ,REP,President,IN,,S,SE.7366,Creative Response Concepts,2760 Eisenhower Ave.,4th floor,Alexandria,VA,22314,2016-04-29,450.0,press release distribution,2016
SE,C00609511,P60006111,RAFAEL EDWARD 'TED' CRUZ,REP,President,IN,,S,SE.4637,"SRCP Media, Inc.",201 N Union St,Suite 200,Alexandria,VA,22314,2016-04-28,505257.75,Media Buy,2016
SE,C00609511,P60003670,JOHN R KASICH,REP,President,IN,,O,SE.4638,"SRCP Media, Inc.",201 N Union St,Suite 200,Alexandria,VA,22314,2016-04-28,168419.25,Media Buy,2016
SE,C00603621,P80001571,Donald J. Trump,REP,President,IN,,O,SE.5500,DDC Advocacy,"805 15th Street, N.W.",Suite 300,Washington,DC,20005,2016-04-28,80021.55,Direct mail services,2016
SE,C00603621,P80001571,Donald J. Trump,REP,President,IN,,O,SE.5541,DDC Advocacy,"805 15th Street, N.W.",Suite 300,Washington,DC,20005,2016-04-28,98956.8,Voter contact-telephone calls,2016
SE,C00603621,P80001571,Donald J. Trump,REP,President,IN,,O,SE.5517,Targeted Victory,1033 N. Fairfax Street,Suite 400,Alexandria,VA,22314,2016-04-28,629.04,Voter contact-emails,2016
SE,C00609511,P60006111,RAFAEL EDWARD 'TED' CRUZ,REP,President,IN,,S,SE.4655,Targeted Victory,1033 North Fairfax Street,Suite 400,Alexandria,VA,22314,2016-04-28,50000.0,On-Line Media Advertising,2016
SE,C00609511,P60006111,RAFAEL EDWARD 'TED' CRUZ,REP,President,IN,,S,SE.4654,"SRCP Media, Inc.",201 N Union St,Suite 200,Alexandria,VA,22314,2016-04-28,200000.0,Media Buy,2016
SE,C00487470,P80001571,DONALD J TRUMP,REP,President,IN,,O,SE.7367,Club for Growth,"2001 L St., NW",Suite 600,Washington,DC,20036,2016-04-28,14.65,internet communications (from advance line 21),2016
SE,C00575415,P60006111,Rafael Edward Ted Cruz,REP,President,IN,,S,E7021CBCA91B047B9B1F,Rigel Strategies LLC,3948 Legacy Drive,Ste 106-282,Plano,TX,750238300,2016-04-28,15843.7,PAC Radio Advertising,2016
SE,C00603621,P80001571,Donald J. Trump,REP,President,IN,,O,SE.5519,"TargetPoint Consulting, Inc.","66 Canal Center Plaza, #555",,Alexandria,VA,22314,2016-04-28,34260.0,Research,2016
SE,C00609511,P60006111,RAFAEL EDWARD 'TED' CRUZ,REP,President,IN,,S,SE.4656,Frontline Political Strategy,2830 S Hulen St,#365,Fort Worth,TX,76109,2016-04-28,50000.0,Door-to-Door; Telephone Calls and other GOTV effort,2016
SE,C00609511,P60006111,RAFAEL EDWARD 'TED' CRUZ,REP,President,IN,,S,SE.4645,Frontline Political Strategy,2830 S Hulen St,#365,Fort Worth,TX,76109,2016-04-27,54000.0,Door-to-Door; Telephone Calls and other GOTV effort,2016
SE,C00609511,P60006111,RAFAEL EDWARD 'TED' CRUZ,REP,President,IN,,S,SE.4659,Rigel Strategies LLC,3948 Legacy Drive,Suite 106-282,Plano,TX,75023,2016-04-27,52859.96,Radio Buy,2016
SE,C00495861,P80001571,DONALD J TRUMP,REP,President,IN,,O,VNTYH9SW537,Precision Network LLC,1140 Connecticut Ave NW,Ste 800,Washington,DC,200364010,2016-04-27,2500.0,Digital Ad Buy (Estimate),2016
SE,C00487470,P60006111,RAFAEL EDWARD 'TED' CRUZ,REP,President,IN,,S,SE.7364,Club for Growth,"2001 L St., NW",Suite 600,Washington,DC,20036,2016-04-27,11.72,internet communications (from advance line 21),2016
SE,C90011800,P60006111,RAFAEL EDWARD 'TED' CRUZ,REP,President,IN,,S,F57.4326,Facebook,1601 Willow Road,,Menlo Park,CA,94025,2016-04-26,1500.0,Online ads,2016
SE,C00487470,P80001571,DONALD J TRUMP,REP,President,IN,,O,SE.7360,Club for Growth,"2001 L St., NW",Suite 600,Washington,DC,20036,2016-04-26,19.53,internet communications (from advance line 21),2016
SE,C00575415,P60006111,Rafael Edward Ted Cruz,REP,President,IN,,S,E458064D870494C5C8E1,Five Points Consulting,6173 Roaring Forks Dr,,Norton Shores,MI,494445979,2016-04-26,5000.0,Digital Media Production/Placement,2016
SE,C00609511,P80001571,DONALD J TRUMP,REP,President,IN,,O,SE.4641,Targeted Victory,1033 North Fairfax Street,Suite 400,Alexandria,VA,22314,2016-04-26,25000.0,On-Line Media Buy,2016
SE,C00609511,P60003670,JOHN R KASICH,REP,President,IN,,O,SE.4640,Targeted Victory,1033 North Fairfax Street,Suite 400,Alexandria,VA,22314,2016-04-26,25000.0,On-Line Media Buy,2016
SE,C00609511,P60006111,RAFAEL EDWARD 'TED' CRUZ,REP,President,IN,,S,SE.4639,Targeted Victory,1033 North Fairfax Street,Suite 400,Alexandria,VA,22314,2016-04-26,150000.0,On-Line Media Buy,2016
SE,C00609511,P60006111,RAFAEL EDWARD 'TED' CRUZ,REP,President,IN,,S,SE.4642,One Harbor LLC,PO Box 22942,,Houston,TX,77227,2016-04-26,6500.0,Media Production,2016
SE,C00610907,P80001571,Donald J. Trump,REP,President,IN,,O,SE.4247,Tusk Digital,"718 7th Street, N.W.",2nd Floor,Washington,DC,20001,2016-04-26,15000.0,online advertising,2016
SE,C00487470,P60006111,RAFAEL EDWARD 'TED' CRUZ,REP,President,IN,,S,SE.7363,Club for Growth,"2001 L St., NW",Suite 600,Washington,DC,20036,2016-04-26,9.77,internet communications (from advance line 21),2016
SE,C00487470,P60006111,RAFAEL EDWARD 'TED' CRUZ,REP,President,IN,,S,SE.7359,Club for Growth,"2001 L St., NW",Suite 600,Washington,DC,20036,2016-04-25,14.65,internet communications (from advance line 21),2016
SE,C00609511,P60006111,RAFAEL EDWARD 'TED' CRUZ,REP,President,IN,,S,SE.4618,Stars and Stripes,7560 W 100th Place,,Bridgeview,IL,60455,2016-04-25,704.04,Printing,2016
SE,C00603621,P80001571,Donald J. Trump,REP,President,IN,,O,SE.5444,DDC Advocacy,"805 15th Street, N.W.",Suite 300,Washington,DC,20005,2016-04-25,130004.25,Direct mail services,2016
SE,C00603621,P80001571,Donald J. Trump,REP,President,IN,,O,SE.5465,DDC Advocacy,"805 15th Street, N.W.",Suite 300,Washington,DC,20005,2016-04-25,75824.25,Direct mail services,2016
SE,C00570739,P60006111,Ted Cruz,REP,President,IN,,S,EFDF6BDF235AD4C90A11,Alliance Strategy Group,"7700 Congress Ave, Ste 3208",,Boca Raton,FL,334871358,2016-04-25,11032.08,Email Marketing,2016
SE,C00487470,P80001571,DONALD J TRUMP,REP,President,IN,,O,SE.7358,Club for Growth,"2001 L St., NW",Suite 600,Washington,DC,20036,2016-04-25,35.16,internet communications (from advance line 21),2016
SE,C00609511,P80001571,DONALD J TRUMP,REP,President,IN,,O,SE.4605,Rigel Strategies LLC,3948 Legacy Drive,Suite 106-282,Plano,TX,75023,2016-04-24,32618.75,Radio Buy and Production,2016
SE,C00487470,P80001571,DONALD J TRUMP,REP,President,IN,,O,SE.7356,Club for Growth,"2001 L St., NW",Suite 600,Washington,DC,20036,2016-04-24,23.44,internet communications (from advance line 21),2016
SE,C00609511,P60006111,RAFAEL EDWARD 'TED' CRUZ,REP,President,IN,,S,SE.4604,Rigel Strategies LLC,3948 Legacy Drive,Suite 106-282,Plano,TX,75023,2016-04-24,65237.5,Radio Buy and Production,2016
SE,C00487470,P60006111,RAFAEL EDWARD 'TED' CRUZ,REP,President,IN,,S,SE.7357,Club for Growth,"2001 L St., NW",Suite 600,Washington,DC,20036,2016-04-24,9.77,internet communications (from advance line 21),2016
SE,C00609511,P60006111,RAFAEL EDWARD 'TED' CRUZ,REP,President,IN,,S,SE.4607,Define Idea,1761 Chace Drive,,Hoover,AL,35244,2016-04-24,5000.0,Social Media Buy,2016
SE,C00609511,P60003670,JOHN R KASICH,REP,President,IN,,O,SE.4606,Rigel Strategies LLC,3948 Legacy Drive,Suite 106-282,Plano,TX,75023,2016-04-24,32618.75,Radio Buy and Production,2016
SE,C00603621,P80001571,Donald J. Trump,REP,President,IN,,O,SE.5451,"Mentzer Media Services, Inc.",210 W. Pennsylvania Avenue,Suite 250,Towson,MD,21204,2016-04-23,685046.0,Media placement,2016
SE,C00603621,P80001571,Donald J. Trump,REP,President,IN,,O,SE.5453,"McCarthy Hennings Whalen, Inc.","1850 M Street, N.W., #235",,Washington,DC,20036,2016-04-23,12671.68,Media production,2016
SE,C00603621,P80001571,Donald J. Trump,REP,President,IN,,O,SE.5473,DDC Advocacy,"805 15th Street, N.W.",Suite 300,Washington,DC,20005,2016-04-23,50000.0,Online advertising,2016
SE,C00487470,P80001571,DONALD J TRUMP,REP,President,IN,,O,SE.7353,Club for Growth,"2001 L St., NW",Suite 600,Washington,DC,20036,2016-04-23,14.65,internet communications (from advance line 21),2016
SE,C00487470,P60006111,RAFAEL EDWARD 'TED' CRUZ,REP,President,IN,,S,SE.7354,Club for Growth,"2001 L St., NW",Suite 600,Washington,DC,20036,2016-04-23,14.65,internet communications (from advance line 21),2016
SE,C00487470,P60003670,JOHN R KASICH,REP,President,IN,,O,SE.7355,Club for Growth,"2001 L St., NW",Suite 600,Washington,DC,20036,2016-04-23,9.77,internet communications (from advance line 21),2016
SE,C00487470,P80001571,DONALD J TRUMP,REP,President,IN,,O,SE.7350,Club for Growth,"2001 L St., NW",Suite 600,Washington,DC,20036,2016-04-22,35.16,internet communications (from advance line 21),2016
SE,C00609511,P60006111,RAFAEL EDWARD 'TED' CRUZ,REP,President,IN,,S,SE.4628,"SRCP Media, Inc.",201 N Union St,Suite 200,Alexandria,VA,22314,2016-04-22,166632.18,Media Buy,2016
SE,C00487470,P60003670,JOHN R KASICH,REP,President,IN,,O,SE.7349,Club for Growth,"2001 L St., NW",Suite 600,Washington,DC,20036,2016-04-22,14.65,internet communications (from advance line 21),2016
SE,C00609511,P60003670,JOHN R KASICH,REP,President,IN,,O,SE.4627,"SRCP Media, Inc.",201 N Union St,Suite 200,Alexandria,VA,22314,2016-04-22,474206.82,Media Buy,2016
SE,C00609511,P60006111,RAFAEL EDWARD 'TED' CRUZ,REP,President,IN,,S,SE.4577,Frontline Political Strategy,2830 S Hulen St,#365,Fort Worth,TX,76109,2016-04-22,54000.0,Door-to-Door; Telephone Calls and other GOTV effort,2016
SE,C00487470,P60003670,JOHN R KASICH,REP,President,IN,,O,SE.7249,Club for Growth,"2001 L St., NW",Suite 600,Washington,DC,20036,2016-04-21,49.04,digital ad production costs (from advance line 21),2016
SE,C00487470,P80001571,DONALD J TRUMP,REP,President,IN,,O,SE.7244,"Bask Digital Media, LLC",1953 San Elijo Ave.,Ste. 2005,Cardiff-by-the-Sea,CA,92007,2016-04-21,93340.0,"digital ad placement, production costs",2016
SE,C00487470,P60003670,JOHN R KASICH,REP,President,IN,,O,SE.7245,"Bask Digital Media, LLC",1953 San Elijo Ave.,Ste. 2005,Cardiff-by-the-Sea,CA,92007,2016-04-21,56660.0,"digital ad placement, production costs",2016
SE,C00487470,P60006111,RAFAEL EDWARD 'TED' CRUZ,REP,President,IN,,S,SE.7246,"Bask Digital Media, LLC",1953 San Elijo Ave.,Ste. 2005,Cardiff-by-the-Sea,CA,92007,2016-04-21,50000.0,"digital ad placement, production costs",2016
SE,C00487470,P80001571,DONALD J TRUMP,REP,President,IN,,O,SE.7235,Club for Growth,"2001 L St., NW",Suite 600,Washington,DC,20036,2016-04-21,9.77,internet communication (from advance line 21),2016
SE,C00487470,P60006111,RAFAEL EDWARD 'TED' CRUZ,REP,President,IN,,S,SE.7236,Club for Growth,"2001 L St., NW",Suite 600,Washington,DC,20036,2016-04-21,9.77,internet communication (from advance line 21),2016
SE,C00487470,P60003670,JOHN R KASICH,REP,President,IN,,O,SE.7237,Club for Growth,"2001 L St., NW",Suite 600,Washington,DC,20036,2016-04-21,9.77,internet communication (from advance line 21),2016
SE,C00487470,P80001571,DONALD J TRUMP,REP,President,IN,,O,SE.7241,Club for Growth,"2001 L St., NW",Suite 600,Washington,DC,20036,2016-04-21,113.54,tv ad production costs (from advance line 21),2016
SE,C00487470,P60003670,JOHN R KASICH,REP,President,IN,,O,SE.7242,Club for Growth,"2001 L St., NW",Suite 600,Washington,DC,20036,2016-04-21,68.92,tv ad production costs (from advance line 21),2016
SE,C00487470,P60006111,RAFAEL EDWARD 'TED' CRUZ,REP,President,IN,,S,SE.7243,Club for Growth,"2001 L St., NW",Suite 600,Washington,DC,20036,2016-04-21,60.82,tv ad production costs (from advance line 21),2016
SE,C00487470,P80001571,DONALD J TRUMP,REP,President,IN,,O,SE.7247,Club for Growth,"2001 L St., NW",Suite 600,Washington,DC,20036,2016-04-21,80.8,digital ad production costs (from advance line 21),2016
SE,C00487470,P60006111,RAFAEL EDWARD 'TED' CRUZ,REP,President,IN,,S,SE.7250,Club for Growth,"2001 L St., NW",Suite 600,Washington,DC,20036,2016-04-21,43.28,digital ad production costs (from advance line 21),2016
SE,C00487470,P80001571,DONALD J TRUMP,REP,President,IN,,O,SE.7254,Club for Growth,"2001 L St., NW",Suite 600,Washington,DC,20036,2016-04-21,143.62,press release (from advance line 21),2016
SE,C00487470,P80001571,DONALD J TRUMP,REP,President,IN,,O,SE.7255,Creative Response Concepts,2760 Eisenhower Ave.,4th floor,Alexandria,VA,22314,2016-04-21,341.0,press release distribution,2016
SE,C00487470,P80001571,DONALD J TRUMP,REP,President,IN,,O,SE.7251,"FatLab, LLC",1562 First Ave.,#205-4150,New York,NY,100284004,2016-04-21,58.34,digital ad production costs,2016
SE,C00487470,P60003670,JOHN R KASICH,REP,President,IN,,O,SE.7252,"FatLab, LLC",1562 First Ave.,#205-4150,New York,NY,100284004,2016-04-21,35.41,digital ad production costs,2016
SE,C00487470,P60006111,RAFAEL EDWARD 'TED' CRUZ,REP,President,IN,,S,SE.7253,"FatLab, LLC",1562 First Ave.,#205-4150,New York,NY,100284004,2016-04-21,31.25,digital ad production costs,2016
SE,C00487470,P80001571,DONALD J TRUMP,REP,President,IN,,O,SE.7238,"Red Sea, LLC","4550 Montgomery Ave., North Tower",Ste. 906,Bethesda,MD,20814,2016-04-21,675781.6,"tv ad air buy, production costs",2016
SE,C00487470,P60003670,JOHN R KASICH,REP,President,IN,,O,SE.7239,"Red Sea, LLC","4550 Montgomery Ave., North Tower",Ste. 906,Bethesda,MD,20814,2016-04-21,410218.4,"tv ad air buy, production costs",2016
SE,C00487470,P60006111,RAFAEL EDWARD 'TED' CRUZ,REP,President,IN,,S,SE.7240,"Red Sea, LLC","4550 Montgomery Ave., North Tower",Ste. 906,Bethesda,MD,20814,2016-04-21,362000.0,"tv ad air buy, production costs",2016
SE,C00487470,P80001571,DONALD J TRUMP,REP,President,IN,,O,SE.7233,Club for Growth,"2001 L St., NW",Suite 600,Washington,DC,20036,2016-04-20,9.77,internet communication (from advance line 21),2016
SE,C00570739,P60006111,Ted Cruz,REP,President,IN,,S,EDD0AF90923B24D43B40,Make DC Listen,PO Box 131808,,Houston,TX,77219,2016-04-20,469.72,Donation Processing,2016
SE,C00487470,P60006111,RAFAEL EDWARD 'TED' CRUZ,REP,President,IN,,S,SE.7234,Club for Growth,"2001 L St., NW",Suite 600,Washington,DC,20036,2016-04-20,9.77,internet communication (from advance line 21),2016
SE,C00553560,P00003392,HILLARY RODHAM CLINTON,DEM,President,IN,,O,SE.16920,FORTH RIGHT STRATEGY INC,1155 - 15TH STREET NW,SUITE 410,WASHINGTON,DC,20005,2016-04-08,167.37,VOTER CONTACT MAIL,2016
SE,C00553560,P00003392,HILLARY RODHAM CLINTON,DEM,President,IN,,O,SE.16749,FORTH RIGHT STRATEGY INC,1155 - 15TH STREET NW,SUITE 410,WASHINGTON,DC,20005,2016-03-30,267.28,VOTER CONTACT MAIL,2016
SE,C00610907,P80001571,Donald J. Trump,REP,President,IN,,O,SE.4180,Tusk Digital,"718 7th Street, N.W.",2nd Floor,Washington,DC,20001,2016-03-30,250.0,advertising,2016
SE,C00401786,P00003392,HILLARY RODHAM CLINTON,DEM,President,IN,,O,SE.4538,FORTHRIGHT STRATRGIES INC,1155 - 15TH STREET NW,SUITE 401,WASHINGTON,DC,20005,2016-03-21,695.49,VOTER CONTACT MAIL,2016
SE,C00553560,P00003392,HILLARY RODHAM CLINTON,DEM,President,IN,,O,SE.16601,FORTH RIGHT STRATEGY INC,1155 - 15TH STREET NW,SUITE 410,WASHINGTON,DC,20005,2016-03-18,171.78,VOTER CONTACT MAIL,2016
SE,C00610907,P80001571,Donald J. Trump,REP,President,IN,,O,SE.4230,Tusk Digital,"718 7th Street, N.W.",2nd Floor,Washington,DC,20001,2016-03-13,322.58,online advertising-nationally disseminated,2016
SE,C00553560,P00003392,HILLARY RODHAM CLINTON,DEM,President,IN,,O,SE.9264,FORTH RIGHT STRATEGY INC,1155 - 15TH STREET NW,SUITE 410,WASHINGTON,DC,20005,2016-03-09,240.2,VOTER CONTACT MAIL,2016
SE,C00004036,P00003392,HILLARY RODHAM CLINTON,DEM,President,IN,,S,D363886,Image Pointe,1224 La Porte Road,,Waterloo,IA,50702,2016-03-02,164.17,T-shirts,2016
SE,C90013244,P80001571,DONALD J TRUMP,REP,President,IN,,O,F57.4375,"Outlaw Media, LLC",PO Box 9735,,Arlington,VA,22219,2016-03-01,88.24,Online Advertising Production,2016
SE,C90013244,P80001571,DONALD J TRUMP,REP,President,IN,,O,F57.4376,Facebook,1 Hacker Way,,Menlo Park,CA,94025,2016-03-01,19.61,Online Advertising Buy,2016
SE,C00574533,P00003392,Hillary Clinton,DEM,President,IN,,O,SB.146,RedPrint Strategy,P.O. Box 710993,"",Herndon,VA,20171,2016-02-27,468.08,Media production,2016
SE,C00574533,P00003392,Hillary Clinton,DEM,President,IN,,O,SB.145,Arena Online,1780 West Sequoia Vista Circle,"",Salt Lake City,UT,84104,2016-02-27,37.24,Media placement,2016
SE,C00574533,P00003392,Hillary Clinton,DEM,President,IN,,O,SB.144,Red Eagle Media Group,815 Slaters Lane,"",Alexandria,VA,22314,2016-02-27,997.12,Media placement,2016
SE,C00553560,P00003392,HILLARY RODHAM CLINTON,DEM,President,IN,,O,SE.9160,FORTH RIGHT STRATEGY INC,1155 - 15TH STREET NW,SUITE 410,WASHINGTON,DC,20005,2016-02-22,97.56,VOTER CONTACT MAIL,2016
SE,C00401786,P00003392,HILLARY RODHAM CLINTON,DEM,President,IN,,O,SE.4430,FORTHRIGHT STRATRGIES INC,1155 - 15TH STREET NW,SUITE 401,WASHINGTON,DC,20005,2016-02-03,1612.47,VOTER CONTACT MAIL,2016
SE,C00401786,P00003392,HILLARY RODHAM CLINTON,DEM,President,IN,,O,SE.4325,FORTHRIGHT STRATRGIES INC,1155 - 15TH STREET NW,SUITE 401,WASHINGTON,DC,20005,2016-01-21,796.92,VOTER CONTACT MAIL,2016
SE,C00566174,P00003392,HILLARY RODHAM CLINTON,DEM,President,IN,,O,SE.4117,INFOCISION MANAGEMENT CORP,325 SPRINGSIDE DRIVE,,AKRON,OH,44333,2016-01-12,8279.67,VOTER CONTACT OVER SEVERAL WEEKS,2016
SE,C00566174,P00003392,HILLARY RODHAM CLINTON,DEM,President,IN,,O,SE.20032,INFOCISION MANAGEMENT CORP,325 SPRINGSIDE DRIVE,,AKRON,OH,44333,2016-01-12,2827.35,VOTER CONTACT CALLS,2016
SE,C00566174,P00003392,HILLARY RODHAM CLINTON,DEM,President,IN,,O,SE.20135,INFOCISION MANAGEMENT CORP,325 SPRINGSIDE DRIVE,,AKRON,OH,44333,2016-01-12,2124.88,VOTER CONTACT CALLS,2016
SE,C00566174,P00003392,HILLARY RODHAM CLINTON,DEM,President,IN,,O,SE.20083,INFOCISION MANAGEMENT CORP,325 SPRINGSIDE DRIVE,,AKRON,OH,44333,2016-01-12,2360.23,VOTER CONTACT CALLS,2016
SE,C00401786,P00003392,HILLARY RODHAM CLINTON,DEM,President,IN,,O,SE.36168,FORTH RIGHT STRATEGY INC,1155 - 15TH STREET NW,SUITE 410,WASHINGTON,DC,20005,2015-12-21,375.37,VOTER CONTACT MAIL,2016
SE,C00573154,P60007242,CARLY FIORINA,REP,President,IN,,S,SE24.1088,"RIGHT STRATEGIES, LLC",3176 SUMMIT SQUARE DRSTE B-10,"",OAKTON,VA,22124,2015-12-01,3762.94,ADVERTISING - ONLINE,2016
SE,C00401786,P00003392,HILLARY RODHAM CLINTON,DEM,President,IN,,O,SE.36000,FORTH RIGHT STRATEGY INC,1155 - 15TH STREET NW,SUITE 410,WASHINGTON,DC,20005,2015-11-25,439.09,VOTER CONTACT MAIL,2016
SE,C00401786,P00003392,HILLARY RODHAM CLINTON,DEM,President,IN,,O,SE.36819,FORTH RIGHT STRATEGY INC,1155 - 15TH STREET NW,SUITE 410,WASHINGTON,DC,20005,2015-11-25,439.09,VOTER CONTACT MAIL,2016
SE,C00573154,P60007242,CARLY FIORINA,REP,President,IN,,S,SE24.1154,"RIGHT STRATEGIES, LLC",3176 SUMMIT SQUARE DRSTE B-10,"",OAKTON,VA,22124,2015-11-18,1340.62,ADVERTISING - ONLINE,2016
SE,C00524454,P00003392,HILLARY CLINTON,DEM,President,IN,,O,SE.10664,INFOCISION MANAGEMENT CORP,325 SPRINGSIDE DR,,AKRON,OH,44333,2015-11-16,1034.96,VOTER CONTACT,2016
SE,C00524454,P00003392,HILLARY CLINTON,DEM,President,IN,,O,SE.15741,INFOCISION MANAGEMENT CORP,325 SPRINGSIDE DR,,AKRON,OH,44333,2015-11-16,137.93,VOTER CONTACT,2016
SE,C00524454,P00003392,HILLARY CLINTON,DEM,President,IN,,O,SE.15844,INFOCISION MANAGEMENT CORP,325 SPRINGSIDE DR,,AKRON,OH,44333,2015-11-16,24.11,VOTER CONTACT,2016
SE,C00524454,P00003392,HILLARY CLINTON,DEM,President,IN,,O,SE.15793,INFOCISION MANAGEMENT CORP,325 SPRINGSIDE DR,,AKRON,OH,44333,2015-11-16,170.97,VOTER CONTACT,2016
SE,C00573733,P60007697,Lindsey Graham,REP,President,IN,,S,SE.4925,"CCAN Media, LLC",40055 Glenmore Court,,Paeonian Springs,VA,20129,2015-11-10,2315.47,Television advertising,2016
SE,C00401786,P00003392,HILLARY RODHAM CLINTON,DEM,President,IN,,O,SE.36768,FORTH RIGHT STRATEGY INC,1155 - 15TH STREET NW,SUITE 410,WASHINGTON,DC,20005,2015-11-03,442.24,VOTER CONTACT MAIL,2016
SE,C00401786,P00003392,HILLARY RODHAM CLINTON,DEM,President,IN,,O,SE.35896,FORTH RIGHT STRATEGY INC,1155 - 15TH STREET NW,SUITE 410,WASHINGTON,DC,20005,2015-11-03,442.24,VOTER CONTACT MAIL,2016
SE,C00573154,P60007242,CARLY FIORINA,REP,President,IN,,S,SE24.1029,SWIFTKURRENT,83 CABOT ST,"",BEVERLY,MA,01915,2015-11-01,289.34,ADVERTISING - ONLINE,2016
SE,C00575373,P60006111,RAFAEL EDWARD 'TED' CRUZ,REP,President,IN,,S,SE.4227,RIGEL STRATEGIES LLC,3948 LEGACY DRIVE,STE 106-282,PLANO,TX,75023,2015-10-26,13102.08,MEDIA,2016
SE,C00566174,P00003392,HILLARY RODHAM CLINTON,DEM,President,IN,,O,SE.38508,INFOCISION MANAGEMENT CORP,325 SPRINGSIDE DR,,AKRON,OH,44333,2015-10-15,1176.23,VOTER CONTACT CALLS,2016
SE,C00566174,P00003392,HILLARY RODHAM CLINTON,DEM,President,IN,,O,SE.38560,INFOCISION MANAGEMENT CORP,325 SPRINGSIDE DR,,AKRON,OH,44333,2015-10-15,2248.15,VOTER CONTACT CALLS,2016
SE,C00566174,P00003392,HILLARY RODHAM CLINTON,DEM,President,IN,,O,SE.38456,INFOCISION MANAGEMENT CORP,325 SPRINGSIDE DR,,AKRON,OH,44333,2015-10-15,2616.22,VOTER CONTACT CALLS,2016
SE,C00401786,P00003392,HILLARY RODHAM CLINTON,DEM,President,IN,,O,SE.35794,FORTH RIGHT STRATEGY INC,1155 - 15TH STREET NW,SUITE 410,WASHINGTON,DC,20005,2015-10-14,462.88,VOTER CONTACT MAIL,2016
SE,C00401786,P00003392,HILLARY RODHAM CLINTON,DEM,President,IN,,O,SE.36716,FORTH RIGHT STRATEGY INC,1155 - 15TH STREET NW,SUITE 410,WASHINGTON,DC,20005,2015-10-14,462.88,VOTER CONTACT MAIL,2016
SE,C00566174,P00003392,HILLARY RODHAM CLINTON,DEM,President,IN,,O,SE.38035,INFOCISION MANAGEMENT CORP,325 SPRINGSIDE DR,,AKRON,OH,44333,2015-10-13,6209.75,VOTER CONTACT CALLS OVER SEVERAL WEEKS,2016
SE,C00573154,P60007242,CARLY FIORINA,REP,President,IN,,S,SE24.973,SWIFTKURRENT,83 CABOT ST,"",BEVERLY,MA,01915,2015-10-01,515.79,ADVERTISING - ONLINE,2016
SE,C00401786,P00003392,HILLARY RODHAM CLINTON,DEM,President,IN,,O,SE.36664,FORTH RIGHT STRATEGY INC,1155 - 15TH STREET NW,SUITE 410,WASHINGTON,DC,20005,2015-09-23,929.31,VOTER CONTACT MAIL,2016
SE,C00401786,P00003392,HILLARY RODHAM CLINTON,DEM,President,IN,,O,SE.35691,FORTH RIGHT STRATEGY INC,1155 - 15TH STREET NW,SUITE 410,WASHINGTON,DC,20005,2015-09-23,929.31,VOTER CONTACT MAIL,2016
SE,C00576108,P60006046,SCOTT WALKER,REP,President,IN,,S,SE24.775,EXORO STRATEGIES LLC,"2266 N. PROSPECT AVE, SUITE 410",SUITE 410,MILWAUKEE,WI,53202,2015-09-16,40.0,ONLINE ADVERTISING,2016
SE,C00573154,P60007242,CARLY FIORINA,REP,President,IN,,S,SE24.917,SWIFTKURRENT,83 CABOT ST,"",BEVERLY,MA,01915,2015-09-01,1385.45,ADVERTISING - ONLINE,2016
SE,C00401786,P00003392,HILLARY RODHAM CLINTON,DEM,President,IN,,O,SE.36612,FORTH RIGHT STRATEGY INC,1155 - 15TH STREET NW,SUITE 410,WASHINGTON,DC,20005,2015-08-10,419.91,VOTER CONTACT MAIL,2016
SE,C00401786,P00003392,HILLARY RODHAM CLINTON,DEM,President,IN,,O,SE.35586,FORTH RIGHT STRATEGY INC,1155 - 15TH STREET NW,SUITE 410,WASHINGTON,DC,20005,2015-08-10,419.91,VOTER CONTACT MAIL,2016
SE,C00576108,P60006046,SCOTT WALKER,REP,President,IN,,S,SE24.707,EXORO STRATEGIES LLC,"2266 N. PROSPECT AVE, SUITE 410",SUITE 410,MILWAUKEE,WI,53202,2015-08-03,500.0,WEB AD PLACEMENT,2016
SE,C00573154,P60007242,CARLY FIORINA,REP,President,IN,,S,SE24.861,SWIFTKURRENT,83 CABOT ST,"",BEVERLY,MA,01915,2015-08-01,447.84,ADVERTISING - ONLINE,2016
SE,C00401786,P00003392,HILLARY RODHAM CLINTON,DEM,President,IN,,O,SE.36560,FORTH RIGHT STRATEGY INC,1155 - 15TH STREET NW,SUITE 410,WASHINGTON,DC,20005,2015-07-15,1713.89,VOTER CONTACT MAIL,2016
SE,C00401786,P00003392,HILLARY RODHAM CLINTON,DEM,President,IN,,O,SE.35441,FORTH RIGHT STRATEGY INC,1155 - 15TH STREET NW,SUITE 410,WASHINGTON,DC,20005,2015-07-15,1713.89,VOTER CONTACT MAIL,2016
SE,C00576108,P60006046,SCOTT WALKER,REP,President,IN,,S,SE24.641,EXORO STRATEGIES LLC,"2266 N. PROSPECT AVE, SUITE 410",SUITE 410,MILWAUKEE,WI,53202,2015-07-13,260.0,WEB AD PLACEMENT,2016
SE,C00401786,P00003392,HILLARY RODHAM CLINTON,DEM,President,IN,,O,SE.4392,FORTH RIGHT STRATEGY INC,1155 - 15TH STREET NW,SUITE 410,WASHINGTON,DC,20005,2015-07-09,891.57,VOTER CONTACT MAIL,2016
SE,C00401786,P00003392,HILLARY RODHAM CLINTON,DEM,President,IN,,O,SE.36503,FORTH RIGHT STRATEGY INC,1155 - 15TH STREET NW,SUITE 410,WASHINGTON,DC,20005,2015-07-09,891.57,VOTER CONTACT MAIL,2016
SE,C00573154,P60007242,CARLY FIORINA,REP,President,IN,,S,SE24.805,SWIFTKURRENT,83 CABOT ST,"",BEVERLY,MA,01915,2015-07-01,851.75,ADVERTISING - ONLINE,2016
SE,C00566174,P00003392,HILLARY RODHAM CLINTON,DEM,President,IN,,O,SE.4346,INFOCISION MANAGEMENT CORP,325 SPRINGSIDE DR,,AKRON,OH,44333,2015-06-23,4139.84,VOTER CONTACT CALLS,2016
SE,C00401786,P00003392,HILLARY RODHAM CLINTON,DEM,President,IN,,O,SE.4289,FORTH RIGHT STRATEGY INC,1155 - 15TH STREET NW,SUITE 410,WASHINGTON,DC,20005,2015-06-16,974.41,VOTER CONTACT MAIL,2016
SE,C00573154,P60007242,CARLY FIORINA,REP,President,IN,,S,SE24.695,SWIFTKURRENT,83 CABOT ST,"",BEVERLY,MA,01915,2015-06-16,16.05,ADVERTISING - ONLINE,2016
SE,C00573154,P60007242,CARLY FIORINA,REP,President,IN,,S,SE24.639,SWIFTKURRENT,83 CABOT ST,"",BEVERLY,MA,01915,2015-06-15,7.57,ADVERTISING - ONLINE,2016
SE,C00566174,P00003392,HILLARY RODHAM CLINTON,DEM,President,IN,,O,SE.4570,INFOCISION MANAGEMENT CORP,325 SPRINGSIDE DR,,AKRON,OH,44333,2015-06-01,1180.83,VOTER CONTACT CALLS,2016
SE,C00566174,P00003392,HILLARY RODHAM CLINTON,DEM,President,IN,,O,SE.4621,INFOCISION MANAGEMENT CORP,325 SPRINGSIDE DR,,AKRON,OH,44333,2015-06-01,739.91,VOTER CONTACT CALLS,2016
SE,C00566174,P00003392,HILLARY RODHAM CLINTON,DEM,President,IN,,O,SE.4519,INFOCISION MANAGEMENT CORP,325 SPRINGSIDE DR,,AKRON,OH,44333,2015-06-01,1687.49,VOTER CONTACT CALLS,2016
SE,C00566174,P00003392,HILLARY RODHAM CLINTON,DEM,President,IN,,O,SE.4181,INFOCISION MANAGEMENT CORP,325 SPRINGSIDE DR,,AKRON,OH,44333,2015-06-01,4139.84,VOTER CONTACT CALLS,2016
SE,C00401786,P00003392,HILLARY RODHAM CLINTON,DEM,President,IN,,O,SE.4181,FORTH RIGHT STRATEGY INC,1155 - 15TH STREET NW,SUITE 410,WASHINGTON,DC,20005,2015-05-28,2699.17,VOTER CONTACT MAIL,2016
SE,C00573154,P60007242,CARLY FIORINA,REP,President,IN,,S,SE24.583,SWIFTKURRENT,83 CABOT ST,"",BEVERLY,MA,01915,2015-05-28,8.03,ADVERTISING - ONLINE,2016
SE,C00573154,P60007242,CARLY FIORINA,REP,President,IN,,S,SE24.527,SWIFTKURRENT,83 CABOT ST,"",BEVERLY,MA,01915,2015-05-23,8.93,ADVERTISING - ONLINE,2016
SE,C00491290,P00003392,HILLARY RODHAM CLINTON,DEM,President,IN,,O,SE.23735,CLIENT FIRST CONSULTING GROUP LLC,385 AVERY LN,,MEDINA,OH,44256,2015-05-20,413.98,VOTER CONTACT CALLS OVER NEXT SEVERAL WEEKS,2016
SE,C00573154,P60007242,CARLY FIORINA,REP,President,IN,,S,SE24.741,SWIFTKURRENT,83 CABOT ST,"",BEVERLY,MA,01915,2015-03-13,269.81,ADVERTISING - ONLINE,2016
SE,C00573154,P60007242,CARLY FIORINA,REP,President,IN,,S,SE24.405,SWIFTKURRENT,83 CABOT ST,"",BEVERLY,MA,01915,2015-02-26,3.57,ADVERTISING - ONLINE,2016
SE,C00573154,P60007242,CARLY FIORINA,REP,President,IN,,S,SE24.349,SWIFTKURRENT,83 CABOT ST,"",BEVERLY,MA,01915,2015-02-24,23.02,ADVERTISING - ONLINE,2016
SE,C00566174,P00003392,HILLARY RODHAM CLINTON,DEM,President,IN,,S,SE.38247,INFOCISION MANAGEMENT CORP,325 SPRINGSIDE DR,,AKRON,OH,44333,2013-06-01,531.61,VOTER CONTACT,2016
